Date,Year,Month,MonthName,Day,Weekday,WeekOfYear,IsWeekend
2026-05-01,2026,5,May,1,Fri,18,False
2026-05-02,2026,5,May,2,Sat,18,True
2026-05-03,2026,5,May,3,Sun,18,True
2026-05-04,2026,5,May,4,Mon,19,False
2026-05-05,2026,5,May,5,Tue,19,False
2026-05-06,2026,5,May,6,Wed,19,False
2026-05-07,2026,5,May,7,Thu,19,False
2026-05-08,2026,5,May,8,Fri,19,False
2026-05-09,2026,5,May,9,Sat,19,True
2026-05-10,2026,5,May,10,Sun,19,True
2026-05-11,2026,5,May,11,Mon,20,False
2026-05-12,2026,5,May,12,Tue,20,False
2026-05-13,2026,5,May,13,Wed,20,False
2026-05-14,2026,5,May,14,Thu,20,False
2026-05-15,2026,5,May,15,Fri,20,False
2026-05-16,2026,5,May,16,Sat,20,True
2026-05-17,2026,5,May,17,Sun,20,True
2026-05-18,2026,5,May,18,Mon,21,False
2026-05-19,2026,5,May,19,Tue,21,False
2026-05-20,2026,5,May,20,Wed,21,False
2026-05-21,2026,5,May,21,Thu,21,False
2026-05-22,2026,5,May,22,Fri,21,False
2026-05-23,2026,5,May,23,Sat,21,True
2026-05-24,2026,5,May,24,Sun,21,True
2026-05-25,2026,5,May,25,Mon,22,False
2026-05-26,2026,5,May,26,Tue,22,False
2026-05-27,2026,5,May,27,Wed,22,False
2026-05-28,2026,5,May,28,Thu,22,False
2026-05-29,2026,5,May,29,Fri,22,False
2026-05-30,2026,5,May,30,Sat,22,True
2026-05-31,2026,5,May,31,Sun,22,True
2026-06-01,2026,6,Jun,1,Mon,23,False
2026-06-02,2026,6,Jun,2,Tue,23,False
2026-06-03,2026,6,Jun,3,Wed,23,False
2026-06-04,2026,6,Jun,4,Thu,23,False
2026-06-05,2026,6,Jun,5,Fri,23,False
2026-06-06,2026,6,Jun,6,Sat,23,True
2026-06-07,2026,6,Jun,7,Sun,23,True
2026-06-08,2026,6,Jun,8,Mon,24,False
2026-06-09,2026,6,Jun,9,Tue,24,False
2026-06-10,2026,6,Jun,10,Wed,24,False
2026-06-11,2026,6,Jun,11,Thu,24,False
2026-06-12,2026,6,Jun,12,Fri,24,False
2026-06-13,2026,6,Jun,13,Sat,24,True
2026-06-14,2026,6,Jun,14,Sun,24,True
2026-06-15,2026,6,Jun,15,Mon,25,False
2026-06-16,2026,6,Jun,16,Tue,25,False
2026-06-17,2026,6,Jun,17,Wed,25,False
2026-06-18,2026,6,Jun,18,Thu,25,False
2026-06-19,2026,6,Jun,19,Fri,25,False
2026-06-20,2026,6,Jun,20,Sat,25,True
2026-06-21,2026,6,Jun,21,Sun,25,True
2026-06-22,2026,6,Jun,22,Mon,26,False
2026-06-23,2026,6,Jun,23,Tue,26,False
2026-06-24,2026,6,Jun,24,Wed,26,False
2026-06-25,2026,6,Jun,25,Thu,26,False
2026-06-26,2026,6,Jun,26,Fri,26,False
